stage,SPI,prob_short,prob_long
1,0.704546353092776,0.295453646907224,0.704546353092776
